{
  "trainers": [
    "0c25ad63-3c05-4778-9bb3-40fcfe5c7067",
    "bf261c68-dd22-45fa-bda4-f37b973bfe72",
    "f6fc5cc0-0a3f-45a4-b4be-869aaebaa5cf"
  ],
  "originalDim": "minecraft:overworld",
  "adjustX": 0.0,
  "originalPos": [
    -593.8545660511178,
    71.0,
    3848.2134894126975
  ],
  "highestLevelBeaten": 100.0
}